Author-abbrv;Title-abbrv;shortauthor;origtitle;shorthand;bibtexkey;author;maintitle;title;origlanguage;year;number;volume;translator;editor;publisher;location;keywords;options;series;shortseries
Acc.;;Accius;;Acc. ;Acc. ;;;;;;;;;;;;;;;
Ach. Tat.;;Achilleus Tatios;;Ach. Tat. ;Ach. Tat. ;;;;;;;;;;;;;;;
Papin.;;Aemilius Papinianus;;Papin. ;Papin. ;;;;;;;;;;;;;;;
Aet.;;Aetios;;Aet. ;Aet. ;;;;;;;;;;;;;;;
Aristeid.;;Ailios Aristeides;;Aristeid. ;Aristeid. ;;;;;;;;;;;;;;;
Aischyl.;Ag.;Aischylos;Agamemnon;Aischyl. Ag.;Aischyl. Ag.;;;;;;;;;;;;;;;
Aischyl.;Choeph.;Aischylos;Choephoroi;Aischyl. Choeph.;Aischyl. Choeph.;;;;;;;;;;;;;;;
Aischyl.;Eum.;Aischylos;Eumenides;Aischyl. Eum.;Aischyl. Eum.;;;;;;;;;;;;;;;
Aischyl.;Pers.;Aischylos;Persae;Aischyl. Pers.;Aischyl. Pers.;;;;;;;;;;;;;;;
Aischyl.;Prom.;Aischylos;Prometheus;Aischyl. Prom.;Aischyl. Prom.;;;;;;;;;;;;;;;
Aischyl.;Sept.;Aischylos;Septem adversus Thebas;Aischyl. Sept.;Aischyl. Sept.;;;;;;;;;;;;;;;
Aischyl.;Suppl.;Aischylos;Supplices (Hiketides);Aischyl. Suppl.;Aischyl. Suppl.;;;;;;;;;;;;;;;
Aisop.;;Aisopos;;Aisop. ;Aisop. ;;;;;;;;;;;;;;;
Alex. Aphr.;;Alexandros von Aphrodisias;;Alex. Aphr. ;Alex. Aphr. ;;;;;;;;;;;;;;;
Alk.;;Alkaios;;Alk. ;Alk. ;;;;;;;;;;;;;;;
Ambr.;epist.;Ambrosius;epistulae;Ambr. epist.;Ambr. epist.;;;;;;;;;;;;;;;
Ambr.;exc. Sat.;Ambrosius;de excessu fratris (Satyri);Ambr. exc. Sat.;Ambr. exc. Sat.;;;;;;;;;;;;;;;
Ambr.;obit.Theod.;Ambrosius;de obitu Theodosii;Ambr. obit.Theod.;Ambr. obit.Theod.;;;;;;;;;;;;;;;
Ambr.;obit.Valent.;Ambrosius;de obitu Valentiniani (iunioris);Ambr. obit.Valent.;Ambr. obit.Valent.;;;;;;;;;;;;;;;
Ambr.;off.;Ambrosius;de officiis magistrorum;Ambr. off.;Ambr. off.;;;;;;;;;;;;;;;
Ambr.;paenit.;Ambrosius;de paenitentia;Ambr. paenit.;Ambr. paenit.;;;;;;;;;;;;;;;
Amm.;;Ammianus Marcellinus;;Amm. ;Amm. ;;;;;;;;;;;;;;;
Anakr.;;Anakreon;;Anakr. ;Anakr. ;;;;;;;;;;;;;;;
Anaxag.;;Anaxagoras;;Anaxag. ;Anaxag. ;;;;;;;;;;;;;;;
Anaximand.;;Anaximandros;;Anaximand. ;Anaximand. ;;;;;;;;;;;;;;;
Anaximen.;;Anaximenes;;Anaximen. ;Anaximen. ;;;;;;;;;;;;;;;
And.;;Andokides;;And. ;And. ;;;;;;;;;;;;;;;
Anth. Plan.;;Anthologia Planudea;;Anth. Plan. ;Anth. Plan. ;;;;;;;;;;;;;;;
Antiph.;;Antiphon;;Antiph. ;Antiph. ;;;;;;;;;;;;;;;
Antisth.;;Antisthenes;;Antisth. ;Antisth. ;;;;;;;;;;;;;;;
Anth. Gr.;;Antologia Graeca;;Anth. Gr. ;Anth. Gr. ;;;;;;;;;;;;;;;
Anth. Lat.;;Antologia Latina;;Anth. Lat. ;Anth. Lat. ;;;;;;;;;;;;;;;
Anth. Pal.;;Antologia Palatina;;Anth. Pal. ;Anth. Pal. ;;;;;;;;;;;;;;;
Apk;;Apokalypse;;Apk ;Apk ;;;;;;;;;;;;;;;
Apollod.;bibl.;Apollodoros;bibliotheke;Apollod. bibl.;Apollod. bibl.;;;;;;;;;;;;;;;
Apollod.;epit.;Apollodoros;epitome;Apollod. epit.;Apollod. epit.;;;;;;;;;;;;;;;
Apoll. Rhod.;;Apollonios Rhodios;Argonautica;Apoll. Rhod. ;Apoll. Rhod. ;;;;greek;2009;1;;Race, William H.;Race, William H.;;;;;;
App.;civ.;Appian;bella civilia;App. civ.;App. civ.;;Roman History;The Civil Wars ;greek;1913;4—5;III—IV;White, Horace;White, Horace;;;;;;
App.;Hann.;Appian;Hannibalica;App. Hann.;App. Hann.;;;;;;;;;;;;;;;
App.;Ib.;Appian;Iberica;App. Ib.;App. Ib.;;;;;;;;;;;;;;;
App.;Ill.;Appian;Illyrica;App. Ill.;App. Ill.;;;;;;;;;;;;;;;
App.;It.;Appian;Italica;App. It.;App. It.;;;;;;;;;;;;;;;
App.;Lib.;Appian;Libyca;App. Lib.;App. Lib.;;;;;;;;;;;;;;;
App.;Mac.;Appian;Macedonica;App. Mac.;App. Mac.;;;;;;;;;;;;;;;
App.;Mithr.;Appian;Mithridatius;App. Mithr.;App. Mithr.;;;;;;;;;;;;;;;
App.;pr.;Appian;proemium;App. pr.;App. pr.;;;;;;;;;;;;;;;
App.;reg.;Appian;regia;App. reg.;App. reg.;;;;;;;;;;;;;;;
App.;Samn.;Appian;Samnitica;App. Samn.;App. Samn.;;;;;;;;;;;;;;;
App.;Rom.;Appian;historia romana;App. Rom.;App. Rom.;;;Roman History;greek;1912—1913;2—5;I—IV;McGing, Brian and White, Horace;McGing, Brian and White, Horace;;;;;;
App.;Sic.;Appian;Sicula;App. Sic.;App. Sic.;;;;;;;;;;;;;;;
App.;Syr.;Appian;Syriaca;App. Syr.;App. Syr.;;;;;;;;;;;;;;;
App.;Celt.;Appian;Celtica;App. Celt.;App. Celt.;;;;;;;;;;;;;;;
Apg;;Apostelgeschichte;;Apg ;Apg ;;;;;;;;;;;;;;;
Apul.;Flor.;Apuleius;florida;Apul. Flor.;Apul. Flor.;;;;;;;;;;;;;;;
Apul.;met.;Apuleius;metamorphoses;Apul. met.;Apul. met.;;;;;;;;;;;;;;;
Arat.;;Aratos;;Arat. ;Arat. ;;;;;;;;;;;;;;;
Archil.;;Archilochos;;Archil. ;Archil. ;;;;;;;;;;;;;;;
Archim.;;Archimedes;;Archim. ;Archim. ;;;;;;;;;;;;;;;
Archyt.;;Archytas;;Archyt. ;Archyt. ;;;;;;;;;;;;;;;
Aristoph.;Ach.;Aristophanes;Acharnenses;Aristoph. Ach.;Aristoph. Ach.;;;;;;;;;;;;;;;
Aristoph.;Av.;Aristophanes;Aves (Ornithes);Aristoph. Av.;Aristoph. Av.;;;;;;;;;;;;;;;
Aristoph.;Eccl.;Aristophanes; Ecclesiazusae;Aristoph. Eccl.;Aristoph. Eccl.;;;;;;;;;;;;;;;
Aristoph.;Equ.;Aristophanes;Equites (Hippeis);Aristoph. Equ.;Aristoph. Equ.;;;;;;;;;;;;;;;
Aristoph.;Lys.;Aristophanes;Lysistrata;Aristoph. Lys.;Aristoph. Lys.;;;;;;;;;;;;;;;
Aristoph.;Nub.;Aristophanes;Nubes (Nephelai);Aristoph. Nub.;Aristoph. Nub.;;;;;;;;;;;;;;;
Aristoph.;Pax;Aristophanes;Pax (Eirene);Aristoph. Pax;Aristoph. Pax;;;;;;;;;;;;;;;
Aristoph.;Plut.;Aristophanes;Plutus;Aristoph. Plut.;Aristoph. Plut.;;;;;;;;;;;;;;;
Aristoph.;Ran.;Aristophanes;Ranae (Batrachoi);Aristoph. Ran.;Aristoph. Ran.;;;;;;;;;;;;;;;
Aristoph.;Thesm.;Aristophanes;Thesmophoriazusae;Aristoph. Thesm.;Aristoph. Thesm.;;;;;;;;;;;;;;;
Aristoph.;Vesp.;Aristophanes;Vespae (Sphekes);Aristoph. Vesp.;Aristoph. Vesp.;;;;;;;;;;;;;;;
Aristot.;an.;Aristoteles;de anima (peri psyches);Aristot. an.;Aristot. an.;;;;;;;;;;;;;;;
Aristot.;an post.;Aristoteles;analytica posteriora;Aristot. an post.;Aristot. an post.;;;;;;;;;;;;;;;
Aristot.;an pr.;Aristoteles;analytica priora;Aristot. an pr.;Aristot. an pr.;;;;;;;;;;;;;;;
Aristot.;Ath. pol.;Aristoteles;Athenaion politeia;Aristot. Ath. pol.;Aristot. Ath. pol.;;;;;;;;;;;;;;;
Aristot.;cael.;Aristoteles;de caelo;Aristot. cael.;Aristot. cael.;;;;;;;;;;;;;;;
Aristot.;col.;Aristoteles;de coloribus (περὶ χρωμάτων);Aristot. col.;Aristot. col.;;;;;;;;;;;;;;;
Aristot.;cat.;Aristoteles;categoriae;Aristot. cat.;Aristot. cat.;;;;;;;;;;;;;;;
Aristot.;div.;Aristoteles;de divinatione (peri mantikes);Aristot. div.;Aristot. div.;;;;;;;;;;;;;;;
Aristot.;Eth. Eud.;Aristoteles; ethica Eudemia;Aristot. Eth. Eud.;Aristot. Eth. Eud.;;;;;;;;;;;;;;;
Aristot.;eth. Nic.;Aristoteles;ethica Nicomachea;Aristot. eth. Nic.;Aristot. eth. Nic.;;;;;;;;;;;;;;;
Aristot.;gen. an.;Aristoteles;de generatione animalium;Aristot. gen. an.;Aristot. gen. an.;;;;;;;;;;;;;;;
Aristot.;gen. corr.;Aristoteles;de generatione et corruptione;Aristot. gen. corr.;Aristot. gen. corr.;;;;;;;;;;;;;;;
Aristot.;hist.;Aristoteles;historia animalium;Aristot. hist.;Aristot. hist.;;;;;;;;;;;;;;;
Aristot.;m. mor.;Aristoteles;magna moralia;Aristot. m. mor.;Aristot. m. mor.;;;;;;;;;;;;;;;
Aristot.;metaph.;Aristoteles;metaphysica;Aristot. metaph.;Aristot. metaph.;;;;;;;;;;;;;;;
Aristot.;meteor.;Aristoteles;meteorologica;Aristot. meteor.;Aristot. meteor.;;;;;;;;;;;;;;;
Aristot.;mir.;Aristoteles;mirabilia;Aristot. mir.;Aristot. mir.;;;;;;;;;;;;;;;
Aristot.;mot. an.;Aristoteles;de motu animalium;Aristot. mot. an.;Aristot. mot. an.;;;;;;;;;;;;;;;
Aristot.;mund.;Aristoteles;de mundo (peri kosmu);Aristot. mund.;Aristot. mund.;;;;;;;;;;;;;;;
Aristot.;oec.;Aristoteles;oeconomica;Aristot. oec.;Aristot. oec.;;;;;;;;;;;;;;;
Aristot.;part. an.;Aristoteles;de partibus animalium;Aristot. part. an.;Aristot. part. an.;;;;;;;;;;;;;;;
Aristot.;phgn.;Aristoteles;physiognomica;Aristot. phgn.;Aristot. phgn.;;;;;;;;;;;;;;;
Aristot.;phys.;Aristoteles;physica;Aristot. phys.;Aristot. phys.;;;;;;;;;;;;;;;
Aristot.;poet.;Aristoteles;poetica;Aristot. poet.;Aristot. poet.;;;;;;;;;;;;;;;
Aristot.;pol.;Aristoteles;politica;Aristot. pol.;Aristot. pol.;;;;;;;;;;;;;;;
Aristot.;probl.;Aristoteles;problemata;Aristot. probl.;Aristot. probl.;;;;;;;;;;;;;;;
Aristot.;rhet.;Aristoteles;rhetorica;Aristot. rhet.;Aristot. rhet.;;;;;;;;;;;;;;;
Aristot.;rhet. Alex.;Aristoteles;rhetorica ad Alexandrum;Aristot. rhet. Alex.;Aristot. rhet. Alex.;;;;;;;;;;;;;;;
Aristot.;sens.;Aristoteles;de sensu (περὶ αἰσθήσεως);Aristot. sens.;Aristot. sens.;;;;;;;;;;;;;;;
Aristot.;somn.;Aristoteles;de somno et vigilia (περὶ ὔπνου καὶ ἐγρηγόρσεως);Aristot. somn.;Aristot. somn.;;;;;;;;;;;;;;;
Aristot.;soph. el.;Aristoteles;sophistici elenchi;Aristot. soph. el.;Aristot. soph. el.;;;;;;;;;;;;;;;
Aristot.;spir.;Aristoteles;de spiritu;Aristot. spir.;Aristot. spir.;;;;;;;;;;;;;;;
Aristot.;top.;Aristoteles;topica;Aristot. top.;Aristot. top.;;;;;;;;;;;;;;;
Arnob.;;Arnobius;adversus nationes;Arnob. ;Arnob. ;;;;;;;;;;;;;;;
Arr.;an.;Arrianos;Anabasis;Arr. an.;Arr. an.;;;;;;;;;;;;;;;
Arr.;cyn.;Arrianos;Cynegeticus;Arr. cyn.;Arr. cyn.;;;;;;;;;;;;;;;
Arr.;Ind.;Arrianos;Indica;Arr. Ind.;Arr. Ind.;;;;;;;;;;;;;;;
Arr.;per p. E.;Arrianos;Periplus ponti Euxeni;Arr. per p. E.;Arr. per p. E.;;;;;;;;;;;;;;;
Arr.;succ.;Arrianos;Istoria successorum Alexandri;Arr. succ.;Arr. succ.;;;;;;;;;;;;;;;
Arr.;tact.;Arrianos;tactica;Arr. tact.;Arr. tact.;;;;;;;;;;;;;;;
Athan.;ad Const.;Athanasios;Apologia ad Constantium;Athan. ad Const.;Athan. ad Const.;;;;;;;;;;;;;;;
Athan.;c. Ar.;Athanasios;Apologia contra Arianos;Athan. c. Ar.;Athan. c. Ar.;;;;;;;;;;;;;;;
Athan.;fuga;Athanasios;Apologia de fuga sua;Athan. fuga;Athan. fuga;;;;;;;;;;;;;;;
Athan.;hist. Ar.;Athanasios;Istoria Arianorum ad monachos;Athan. hist. Ar.;Athan. hist. Ar.;;;;;;;;;;;;;;;
Athen.;;Athenaios;;Athen. ;Athen. ;;;;;;;;;;;;;;;
Aug.;civ.;Augustinus;de civitate dei;Aug. civ.;Aug. civ.;;;;;;;;;;;;;;;
Aug.;conf.;Augustinus;confessiones;Aug. conf.;Aug. conf.;;;;;;;;;;;;;;;
Aug.;doct.christ.;Augustinus;de doctrina christiana;Aug. doct.christ.;Aug. doct.christ.;;;;;;;;;;;;;;;
Aug.;epist.;Augustinus;epistulae;Aug. epist.;Aug. epist.;;;;;;;;;;;;;;;
Aug.;retract.;Augustinus;retractationes;Aug. retract.;Aug. retract.;;;;;;;;;;;;;;;
Aug.;serm.;Augustinus;sermones;Aug. serm.;Aug. serm.;;;;;;;;;;;;;;;
Aug.;soliloq.;Augustinus;soliloquia;Aug. soliloq.;Aug. soliloq.;;;;;;;;;;;;;;;
Aug.;trin.;Augustinus;de trinitate;Aug. trin.;Aug. trin.;;;;;;;;;;;;;;;
Aur. Vict.;;Aurelius Victor;;Aur. Vict. ;Aur. Vict. ;;;;;;;;;;;;;;;
Auson.;Mos.;Ausonius;Mosella;Auson. Mos.;Auson. Mos.;;;;;;;;;;;;;;;
Auson.;urb.;Ausonius;ordo nobilium urbium;Auson. urb.;Auson. urb.;;;;;;;;;;;;;;;
Avien.;;Avienus;;Avien. ;Avien. ;;;;;;;;;;;;;;;
Babr.;;Babrios;;Babr. ;Babr. ;;;;;;;;;;;;;;;
Bakchyl.;;Bakchylides;;Bakchyl. ;Bakchyl. ;;;;;;;;;;;;;;;
Bell. Afr.;;Bellum Africum;;Bell. Afr. ;Bell. Afr. ;;;;;;;;;;;;;;;
Bell. Alex.;;Bellum Alexandrinum;;Bell. Alex. ;Bell. Alex. ;;;;;;;;;;;;;;;
Bell. Hisp.;;Bellum Hispaniense;;Bell. Hisp. ;Bell. Hisp. ;;;;;;;;;;;;;;;
Boeth.;;Boethius;;Boeth. ;Boeth. ;;;;;;;;;;;;;;;
Iul. Vict.;Rhet.;C. Iulius Victor;ars rhetorica;Iul. Vict. Rhet.;Iul. Vict. Rhet.;;;;;;;;;;;;;;;
Caes.;civ.;Caesar;de bello civili;Caes. civ.;Caes. civ.;;;;;;;;;;;;;;;
Caes.;Gall.;Caesar;de bello Gallico;Caes. Gall.;Caes. Gall.;;;;;;;;;;;;;;;
Caes.;Bell. Afr.;Caesar;Bellum Africum (Ps.-Caes.);Caes. Bell. Afr.;Caes. Bell. Afr.;;;;;;;;;;;;;;;
Caes.;Bell. Alex.;Caesar;Bellum Alexandrinum (Ps.-Caes.);Caes. Bell. Alex.;Caes. Bell. Alex.;;;;;;;;;;;;;;;
Caes.;Bell. Hisp.;Caesar;Bellum Hispaniense (Ps.-Caes.);Caes. Bell. Hisp.;Caes. Bell. Hisp.;;;;;;;;;;;;;;;
Cassiod. inst.;;Cassiodorus;institutiones variae;Cassiod. inst. ;Cassiod. inst. ;;;;;;;;;;;;;;;
Cass. Dio;;Cassius Dio;;Cass. Dio ;Cass. Dio ;;;;;;;;;;;;;;;
Cato;agr.;Cato;de agri cultura;Cato agr.;Cato agr.;;;;;;;;;;;;;;;
Cato;Orig.;Cato;origines;Cato Orig.;Cato Orig.;;;;;;;;;;;;;;;
Catull.;;Catullus;carmina;Catull. ;Catull. ;;;Catullus. Tibullus. Pervigilium Veneris;latin;1913;6;;F. W. Cornish and J. P. Postgate and J. W. Mackail;;;;;;;
Cens.;;Censorinus;de die natali;Cens. ;Cens. ;;;;;;;;;;;;;;;
Cic.;ac. 1;Cicero;Academicorum posteriorum liber 1;Cic. ac. 1;Cic. ac. 1;Tullius Cicero, Marcus;;;;;;;;;;;;;;
Cic.;ac. 2;Cicero;Lucullus sive Academicorum priorum liber 2;Cic. ac. 2;Cic. ac. 2;Tullius Cicero, Marcus;;;;;;;;;;;;;;
Cic.;ad. Brut.;Cicero;epistulae ad Brutum;Cic. ad. Brut.;Cic. ad. Brut.;Tullius Cicero, Marcus;;;;;;;;;;;;;;
Cic.;ad Q. fr.;Cicero;ad Quintum fratrem;Cic. ad Q. fr.;Cic. ad Q. fr.;Tullius Cicero, Marcus;;;;;;;;;;;;;;
Cic.;Arat.;Cicero;Aratea;Cic. Arat.;Cic. Arat.;Tullius Cicero, Marcus;;;;;;;;;;;;;;
Cic.;Arch.;Cicero;pro Archia poeta;Cic. Arch.;Cic. Arch.;Tullius Cicero, Marcus;;;;;;;;;;;;;;
Cic.;Att.;Cicero;epistulae ad Atticum;Cic. Att.;Cic. Att.;Tullius Cicero, Marcus;;;;1999;7—8;I—II;Shackleton Bailey ,David Roy ;Shackleton Bailey ,David Roy ;;;;;;
Cic.;Balb.;Cicero;pro L. Balbo;Cic. Balb.;Cic. Balb.;Tullius Cicero, Marcus;;;;;;;;;;;;;;
Cic.;Brut.;Cicero;Brutus;Cic. Brut.;Cic. Brut.;Tullius Cicero, Marcus;;;;;;;;;;;;;;
Cic.;Caecin.;Cicero;pro A. Caecina;Cic. Caecin.;Cic. Caecin.;Tullius Cicero, Marcus;;;;;;;;;;;;;;
Cic.;Cael.;Cicero;pro M. Caelio;Cic. Cael.;Cic. Cael.;Tullius Cicero, Marcus;;;;;;;;;;;;;;
Cic.;Catil.;Cicero;in Catilinam;Cic. Catil.;Cic. Catil.;Tullius Cicero, Marcus;;;;;;;;;;;;;;
Cic.;Cato;Cicero;Cato maior de senectute;Cic. Cato;Cic. Cato;Tullius Cicero, Marcus;;;;;;;;;;;;;;
Cic.;Cluent.;Cicero;pro A. Cluentio;Cic. Cluent.;Cic. Cluent.;Tullius Cicero, Marcus;;;;;;;;;;;;;;
Cic.;de orat.;Cicero;de oratore;Cic. de orat.;Cic. de orat.;Tullius Cicero, Marcus;;;;;;;;;;;;;;
Cic.;Deiot.;Cicero;pro rege Deiotaro;Cic. Deiot.;Cic. Deiot.;Tullius Cicero, Marcus;;;;;;;;;;;;;;
Cic.;div.;Cicero;de divinatione;Cic. div.;Cic. div.;Tullius Cicero, Marcus;;;;;;;;;;;;;;
Cic.;div.in Caec.;Cicero;divinatio in Q. Caecilium;Cic. div.in Caec.;Cic. div.in Caec.;Tullius Cicero, Marcus;;;;;;;;;;;;;;
Cic.;fam.;Cicero;epistulae ad familiares;Cic. fam.;Cic. fam.;Tullius Cicero, Marcus;;;;;;;;;;;;;;
Cic.;fin.;Cicero;de finibus bonorum et malorum;Cic. fin.;Cic. fin.;Tullius Cicero, Marcus;;;;;;;;;;;;;;
Cic.;fat.;Cicero;de fato;Cic. fat.;Cic. fat.;Tullius Cicero, Marcus;;;;;;;;;;;;;;
Cic.;fin.;Cicero;de finibus bonorum et malorum;Cic. fin.;Cic. fin.;Tullius Cicero, Marcus;;;;;;;;;;;;;;
Cic.;Flacc.;Cicero;pro L. Valerio Flacco;Cic. Flacc.;Cic. Flacc.;Tullius Cicero, Marcus;;;;;;;;;;;;;;
Cic.;Font.;Cicero;pro M. Fonteio;Cic. Font.;Cic. Font.;Tullius Cicero, Marcus;;;;;;;;;;;;;;
Cic.;har. resp.;Cicero;de haruspicum responso;Cic. har. resp.;Cic. har. resp.;Tullius Cicero, Marcus;;;;;;;;;;;;;;
Cic.;inv.;Cicero;de inventione;Cic. inv.;Cic. inv.;Tullius Cicero, Marcus;;;;;;;;;;;;;;
Cic.;Lael.;Cicero;Laelius de amicitia;Cic. Lael.;Cic. Lael.;Tullius Cicero, Marcus;;;;;;;;;;;;;;
Cic.;leg.;Cicero;de legibus;Cic. leg.;Cic. leg.;Tullius Cicero, Marcus;;;;;;;;;;;;;;
Cic.;leg. agr.;Cicero;de lege agraria;Cic. leg. agr.;Cic. leg. agr.;Tullius Cicero, Marcus;;;;;;;;;;;;;;
Cic.;Lig.;Cicero;pro Q. Ligario;Cic. Lig.;Cic. Lig.;Tullius Cicero, Marcus;;;;;;;;;;;;;;
Cic.;Manil.;Cicero;pro lege Manilia (de imperio Cn. Pompei);Cic. Manil.;Cic. Manil.;Tullius Cicero, Marcus;;;;;;;;;;;;;;
Cic.;Marcell.;Cicero;pro M. Marcello;Cic. Marcell.;Cic. Marcell.;Tullius Cicero, Marcus;;;;;;;;;;;;;;
Cic.;Mil.;Cicero;pro T. Annio Milone;Cic. Mil.;Cic. Mil.;Tullius Cicero, Marcus;;;;;;;;;;;;;;
Cic.;Mur.;Cicero;pro L. Murena;Cic. Mur.;Cic. Mur.;Tullius Cicero, Marcus;;;;;;;;;;;;;;
Cic.;nat. deor.;Cicero;de natura deorum;Cic. nat. deor.;Cic. nat. deor.;Tullius Cicero, Marcus;;;;;;;;;;;;;;
Cic.;off.;Cicero;de officiis;Cic. off.;Cic. off.;Tullius Cicero, Marcus;;;;;;;;;;;;;;
Cic.;opt. gen.;Cicero;de optimo genere oratorum;Cic. opt. gen.;Cic. opt. gen.;Tullius Cicero, Marcus;;;;;;;;;;;;;;
Cic.;orat.;Cicero;orator;Cic. orat.;Cic. orat.;Tullius Cicero, Marcus;;;;;;;;;;;;;;
Cic.;p.red.ad Quir.;Cicero;oratio post reditum ad Quirites;Cic. p.red.ad Quir.;Cic. p.red.ad Quir.;Tullius Cicero, Marcus;;;;;;;;;;;;;;
Cic.;p.red.in sen.;Cicero;oratio post reditum in senatu;Cic. p.red.in sen.;Cic. p.red.in sen.;Tullius Cicero, Marcus;;;;;;;;;;;;;;
Cic.;parad.;Cicero;paradoxa;Cic. parad.;Cic. parad.;Tullius Cicero, Marcus;;;;;;;;;;;;;;
Cic.;part.;Cicero;partitiones oratoriae;Cic. part.;Cic. part.;Tullius Cicero, Marcus;;;;;;;;;;;;;;
Cic.;Phil.;Cicero;in M. Antonium orationes Philippicae;Cic. Phil.;Cic. Phil.;Tullius Cicero, Marcus;;;;;;;;;;;;;;
Cic.;Pis.;Cicero;in L. Pisonem;Cic. Pis.;Cic. Pis.;Tullius Cicero, Marcus;;;;;;;;;;;;;;
Cic.;Planc.;Cicero;pro Cn. Plancio;Cic. Planc.;Cic. Planc.;Tullius Cicero, Marcus;;;;;;;;;;;;;;
Cic.;Q. Rosc.;Cicero;pro Q. Roscio comoedo;Cic. Q. Rosc.;Cic. Q. Rosc.;Tullius Cicero, Marcus;;;;;;;;;;;;;;
Cic.;Quinct.;Cicero;pro P. Quinctio;Cic. Quinct.;Cic. Quinct.;Tullius Cicero, Marcus;;;;;;;;;;;;;;
Cic.;Rab. perd.;Cicero;pro C. Rabirioperduellionis reo;Cic. Rab. perd.;Cic. Rab. perd.;Tullius Cicero, Marcus;;;;;;;;;;;;;;
Cic.;Rab post.;Cicero;pro C. Rabirio Postumo;Cic. Rab post.;Cic. Rab post.;Tullius Cicero, Marcus;;;;;;;;;;;;;;
Cic.;rep.;Cicero;de re publica;Cic. rep.;Cic. rep.;Tullius Cicero, Marcus;;;;;;;;;;;;;;
Cic.;S. Rosc.;Cicero;pro Sex. Roscio Amerino;Cic. S. Rosc.;Cic. S. Rosc.;Tullius Cicero, Marcus;;;;;;;;;;;;;;
Cic.;Scaur.;Cicero;pro M. Aemilio Scauro;Cic. Scaur.;Cic. Scaur.;Tullius Cicero, Marcus;;;;;;;;;;;;;;
Cic.;Sest.;Cicero;pro P. Sestio;Cic. Sest.;Cic. Sest.;Tullius Cicero, Marcus;;;;;;;;;;;;;;
Cic.;Sull.;Cicero;pro P. Sulla;Cic. Sull.;Cic. Sull.;Tullius Cicero, Marcus;;;;;;;;;;;;;;
Cic.;Tim.;Cicero;Timaeus;Cic. Tim.;Cic. Tim.;Tullius Cicero, Marcus;;;;;;;;;;;;;;
Cic.;top.;Cicero;topica;Cic. top.;Cic. top.;Tullius Cicero, Marcus;;;;;;;;;;;;;;
Cic.;Tull.;Cicero;pro M.Tullio;Cic. Tull.;Cic. Tull.;Tullius Cicero, Marcus;;;;;;;;;;;;;;
Cic.;Tusc.;Cicero;Tusculanae disputationes;Cic. Tusc.;Cic. Tusc.;Tullius Cicero, Marcus;;;;;;;;;;;;;;
Cic.;Vatin.;Cicero;in P. Vatinium testem interrogatio;Cic. Vatin.;Cic. Vatin.;Tullius Cicero, Marcus;;;;;;;;;;;;;;
Cic.;Verr. 1,2;Cicero;in Verrem actio prima, secunda;Cic. Verr. 1,2;Cic. Verr. 1,2;Tullius Cicero, Marcus;;;;;;;;;;;;;;
Claud.;carm.;Claudius Claudianus;carmina;Claud. carm.;Claud. carm.;;;;;;;;;;;;;;;
Claud.;rapt. Pros.;Claudius Claudianus;de raptu Proserpinae;Claud. rapt. Pros.;Claud. rapt. Pros.;;;;;;;;;;;;;;;
Colum.;;Columella;;Colum. ;Colum. ;;;;;;;;;;;;;;;
Cels.;artes;Cornelius Celsus;;Cels. artes;Cels. artes;;;;;;;;;;;;;;;
Nep.;Att.;Cornelius Nepos;Atticus;Nep. Att.;Nep. Att.;;;;;;;;;;;;;;;
Nep.;Hann.;Cornelius Nepos;Hannibal;Nep. Hann.;Nep. Hann.;;;;;;;;;;;;;;;
Curt.;;Curtius Rufus;historiae Alexandri Magni;Curt. ;Curt. ;;;;;;;;;;;;;;;
Cypr.;;Cyprianus;;Cypr. ;Cypr. ;;;;;;;;;;;;;;;
Demokr.;;Demokritos;;Demokr. ;Demokr. ;;;;;;;;;;;;;;;
Dt;;Deuteronomium (= 5. Mose);;Dt ;Dt ;;;;;;;;;;;;;;;
Diod.;;Diodorus Siculus;;Diod. ;Diod. ;;;;;;;;;;;;;;;
Diog. Laert.;;Diogenes Laertios;;Diog. Laert. ;Diog. Laert. ;;;;;;;;;;;;;;;
Dion Chrys.;;Dion Chrysostomos;;Dion Chrys. ;Dion Chrys. ;;;;;;;;;;;;;;;
Nonn. Nonnos;Dionysiaka;Dion.;;Nonn. Nonnos Dionysiaka;Nonn. Nonnos Dionysiaka;;;;;;;;;;;;;;;
Dion. Hal.;ant.;Dionysios Halicarnassos;antiquitates Romanae;Dion. Hal. ant.;Dion. Hal. ant.;;;;;;;;;;;;;;;
Dion. Hal.;comp.;Dionysios Halicarnassos;de compositione verborum;Dion. Hal. comp.;Dion. Hal. comp.;;;;;;;;;;;;;;;
Dion. Hal.;rhet.;Dionysios Halicarnassos;ars rhetorica         ;Dion. Hal. rhet.;Dion. Hal. rhet.;;;;;;;;;;;;;;;
Don.;;Donatus grammaticus;;Don. ;Don. ;;;;;;;;;;;;;;;
Drac.;;Dracontius;;Drac. ;Drac. ;;;;;;;;;;;;;;;
Eukl. Eukleides;elementa;elem.;;Eukl. Eukleides elementa;Eukl. Eukleides elementa;;;;;;;;;;;;;;;
Emp.;;Empedokles;;Emp. ;Emp. ;;;;;;;;;;;;;;;
Enn.;ann.;Ennius;Annales (Skutsch, 1985);Enn. ann.;Enn. ann.;;;;;;;;;;;;;;;
Enn.;sat.;Ennius;Saturae, (Vahlen, 21928);Enn. sat.;Enn. sat.;;;;;;;;;;;;;;;
Enn.;scaen.;Ennius;fragmenta scenica (Vahlen, 21928);Enn. scaen.;Enn. scaen.;;;;;;;;;;;;;;;
Ennod.;;Ennodius;;Ennod. ;Ennod. ;;;;;;;;;;;;;;;
Eph;;Epheserbrief;;Eph ;Eph ;;;;;;;;;;;;;;;
Epikt.;;Epiktetos;;Epikt. ;Epikt. ;;;;;;;;;;;;;;;
Epik.;;Epikuros;;Epik. ;Epik. ;;;;;;;;;;;;;;;
Synes. Synesios;epistulae;epist.;;Synes. Synesios epistulae;Synes. Synesios epistulae;;;;;;;;;;;;;;;
Etym. m.;;Etymologicum magnum (Gaisford);;Etym. m. ;Etym. m. ;;;;;;;;;;;;;;;
Eur.;Alc.;Euripides;Alcestis;Eur. Alc.;Eur. Alc.;;;;;;;;;;;;;;;
Eur.;Andr.;Euripides;Andromache;Eur. Andr.;Eur. Andr.;;;;;;;;;;;;;;;
Eur.;Bacch.;Euripides;Bacchae;Eur. Bacch.;Eur. Bacch.;;;;;;;;;;;;;;;
Eur.;Cycl.;Euripides;Cyclops;Eur. Cycl.;Eur. Cycl.;;;;;;;;;;;;;;;
Eur.;El.;Euripides;Electra;Eur. El.;Eur. El.;;;;;;;;;;;;;;;
Eur.;Hec.;Euripides;Hecuba (Hekabe);Eur. Hec.;Eur. Hec.;;;;;;;;;;;;;;;
Eur.;Hel.;Euripides;Helena;Eur. Hel.;Eur. Hel.;;;;;;;;;;;;;;;
Eur.;Heracl.;Euripides;Heraclidae;Eur. Heracl.;Eur. Heracl.;;;;;;;;;;;;;;;
Eur.;Herc.;Euripides;Hercules (furens);Eur. Herc.;Eur. Herc.;;;;;;;;;;;;;;;
Eur.;Hipp.;Euripides;Hippolytos;Eur. Hipp.;Eur. Hipp.;;;;;;;;;;;;;;;
Eur.;Ion;Euripides;Ion;Eur. Ion;Eur. Ion;;;;;;;;;;;;;;;
Eur.;Iph. A.;Euripides;Iphigenia Aulidensis;Eur. Iph. A.;Eur. Iph. A.;;;;;;;;;;;;;;;
Eur.;Iph. T.;Euripides;Iphigenia Taurica;Eur. Iph. T.;Eur. Iph. T.;;;;;;;;;;;;;;;
Eur.;Med.;Euripides;Medea;Eur. Med.;Eur. Med.;;;;;;;;;;;;;;;
Eur.;Or.;Euripides;Orestes;Eur. Or.;Eur. Or.;;;;;;;;;;;;;;;
Eur.;Phoen.;Euripides;Phoenissae;Eur. Phoen.;Eur. Phoen.;;;;;;;;;;;;;;;
Eur.;Rhes.;Euripides;Rhesus;Eur. Rhes.;Eur. Rhes.;;;;;;;;;;;;;;;
Eur.;Suppl.;Euripides;Supplices (ἱκέτιδες);Eur. Suppl.;Eur. Suppl.;;;;;;;;;;;;;;;
Eur.;Tro.;Euripides;Troades;Eur. Tro.;Eur. Tro.;;;;;;;;;;;;;;;
Eus.;De. Ev.;Eusebios;Demonstratio Evangelica;Eus. De. Ev.;Eus. De. Ev.;;;;;;;;;;;;;;;
Eus.;HE;Eusebios;Historia Ecclesiastica;Eus. HE;Eus. HE;;;;;;;;;;;;;;;
Eus.;On.;Eusebios;Onomastikon;Eus. On.;Eus. On.;;;;;;;;;;;;;;;
Eus.;Pr. Ev.;Eusebios;Praeparatio Evangelica;Eus. Pr. Ev.;Eus. Pr. Ev.;;;;;;;;;;;;;;;
Eust.;;Eustathios;;Eust. ;Eust. ;;;;;;;;;;;;;;;
Eutr.;;Eutropius;;Eutr. ;Eutr. ;;;;;;;;;;;;;;;
Fest.;;Festus;;Fest. ;Fest. ;;;;;;;;;;;;;;;
Flor. ;epit.;Florus;epitoma de Tito Livio;Flor.  epit.;Flor.  epit.;;;;;;;;;;;;;;;
Frontin.;aqu. strat.;Frontinus;de aquae ductu urbis Romae strategemata;Frontin. aqu. strat.;Frontin. aqu. strat.;;;;;;;;;;;;;;;
Fulg.;;Fulgentius Afer;;Fulg. ;Fulg. ;;;;;;;;;;;;;;;
Gal;;Galaterbrief;;Gal ;Gal ;;;;;;;;;;;;;;;
Gal.;;Galenos;;Gal. ;Gal. ;;;;;;;;;;;;;;;
Gell.;;Gellius;noctes Atticae;Gell. ;Gell. ;;;;;;;;;;;;;;;
Gorg.;;Gorgias;;Gorg. ;Gorg. ;;;;;;;;;;;;;;;
Greg. M.;dial.;Gregorius Magnus;dialogi (de miraculis patrum Italicorum);Greg. M. dial.;Greg. M. dial.;;;;;;;;;;;;;;;
Greg. M.;epist.;Gregorius Magnus;epistulae;Greg. M. epist.;Greg. M. epist.;;;;;;;;;;;;;;;
Greg. M.;past.;Gregorius Magnus;regula pastoralis;Greg. M. past.;Greg. M. past.;;;;;;;;;;;;;;;
Greg. Naz.;epist.;Gregorius Nazianzienus;epistulae;Greg. Naz. epist.;Greg. Naz. epist.;;;;;;;;;;;;;;;
Greg. Naz.;or.;Gregorius Nazianzienus;orationes;Greg. Naz. or.;Greg. Naz. or.;;;;;;;;;;;;;;;
Greg. Nyss.;;Gregorius Nyssenus;;Greg. Nyss. ;Greg. Nyss. ;;;;;;;;;;;;;;;
Greg. Tur.;Franc.;Gregorius von Tours;historia Francorum;Greg. Tur. Franc.;Greg. Tur. Franc.;;;;;;;;;;;;;;;
Greg. Tur.;Mart.;Gregorius von Tours;de virtutibus Martini;Greg. Tur. Mart.;Greg. Tur. Mart.;;;;;;;;;;;;;;;
Greg. Tur.;vit. patr.;Gregorius von Tours;de vita patrum;Greg. Tur. vit. patr.;Greg. Tur. vit. patr.;;;;;;;;;;;;;;;
Hekat.;;Hekataios;;Hekat. ;Hekat. ;;;;;;;;;;;;;;;
Herakl. Pont.;;Herakleides Pontikos;;Herakl. Pont. ;Herakl. Pont. ;;;;;;;;;;;;;;;
Herakl.;;Herakleitos;;Herakl. ;Herakl. ;;;;;;;;;;;;;;;
Herm. Trism.;;Hermes Trismegistos;;Herm. Trism. ;Herm. Trism. ;;;;;;;;;;;;;;;
Herodian.;;Herodianos;;Herodian. ;Herodian. ;;;;;;;;;;;;;;;
Hdt.;;Herodotos;;Hdt. ;Hdt. ;;;;;;;;;;;;;;;
Hes.;cat.;Hesiodos;Catalogues feminarum (ἠοίαι);Hes. cat.;Hes. cat.;;;;;;;;;;;;;;;
Hes.;erg.;Hesiodos;opera et dies (ἔργα καὶ ἡμέραι);Hes. erg.;Hes. erg.;;;;;;;;;;;;;;;
Hes.;scut.;Hesiodos;scutum (ἀσπίς);Hes. scut.;Hes. scut.;;;;;;;;;;;;;;;
Hes.;theog.;Hesiodos;Theogonia;Hes. theog.;Hes. theog.;;;;;;;;;;;;;;;
Hesych.;;Hesychios;;Hesych. ;Hesych. ;;;;;;;;;;;;;;;
Hier.;chron.;Hieronymos;chronicon;Hier. chron.;Hier. chron.;;;;;;;;;;;;;;;
Hier.;comm.in Ez;Hieronymos;commentaria in Ezechielem (PL 25);Hier. comm.in Ez;Hier. comm.in Ez;;;;;;;;;;;;;;;
Hier.;epist.;Hieronymos;epistulae;Hier. epist.;Hier. epist.;;;;;;;;;;;;;;;
Hier.;On.;Hieronymos;Onomastikon;Hier. On.;Hier. On.;;;;;;;;;;;;;;;
Hier.;vir. ill.;Hieronymos;de viris illustribus;Hier. vir. ill.;Hier. vir. ill.;;;;;;;;;;;;;;;
Hippokr.;;Hippokrates;;Hippokr. ;Hippokr. ;;;;;;;;;;;;;;;
HL;;Hohelied;;HL ;HL ;;;;;;;;;;;;;;;
Hom.;h.;Homeros;Hymni Homeri;Hom. h.;Hom. h.;;;;;;;;;;;;;;;
Hom.;Il.;Homeros;Ilias;Hom. Il.;Hom. Il.;;;;;;;;;;;;;;;
Hom.;Od.;Homeros;Odyssee;Hom. Od.;Hom. Od.;;;;;;;;;;;;;;;
Hor.;ars;Horatius;ars poetica;Hor. ars;Hor. ars;;;;;;;;;;;;;;;
Hor.;carm.;Horatius;carmina;Hor. carm.;Hor. carm.;;;;;;;;;;;;;;;
Hor.;carm. saec.;Horatius;carmen saeculare;Hor. carm. saec.;Hor. carm. saec.;;;;;;;;;;;;;;;
Hor.;epist.;Horatius;epistulae;Hor. epist.;Hor. epist.;;;;;;;;;;;;;;;
Hor.;epod.;Horatius;epodi;Hor. epod.;Hor. epod.;;;;;;;;;;;;;;;
Hor.;sat.;Horatius;saturae (sermones);Hor. sat.;Hor. sat.;;;;;;;;;;;;;;;
Hyg.;astr.;Hyginus;astronomica;Hyg. astr.;Hyg. astr.;;;;;;;;;;;;;;;
Hyg.;fab.;Hyginus;fabulae;Hyg. fab.;Hyg. fab.;;;;;;;;;;;;;;;
Iambl.;de myst.;Iamblichos;de mysteriis;Iambl. de myst.;Iambl. de myst.;;;;;;;;;;;;;;;
Iambl.;protr.;Iamblichos;protrepticus in philosophiam;Iambl. protr.;Iambl. protr.;;;;;;;;;;;;;;;
Iambl.;v. P.;Iamblichos;de vita Pythagorica;Iambl. v. P.;Iambl. v. P.;;;;;;;;;;;;;;;
Ios.;Ant. Iud.;Iosephos (Flavius Iosephus);antiquitates Iudaicae;Ios. Ant. Iud.;Ios. Ant. Iud.;;;;;;;;;;;;;;;
Ios.;Bell. Iud.;Iosephos (Flavius Iosephus);bellum Iudaicum;Ios. Bell. Iud.;Ios. Bell. Iud.;;;;;;;;;;;;;;;
Ios.;c. Ap.;Iosephos (Flavius Iosephus);contra Apionem;Ios. c. Ap.;Ios. c. Ap.;;;;;;;;;;;;;;;
Ios.;vita;Iosephos (Flavius Iosephus);de sua vita;Ios. vita;Ios. vita;;;;;;;;;;;;;;;
Isid.;nat.;Isidorus von Sevilla;de natura rerum;Isid. nat.;Isid. nat.;;;;;;;;;;;;;;;
Isid.;orig.;Isidorus von Sevilla;origines (etymologiae);Isid. orig.;Isid. orig.;;;;;;;;;;;;;;;
Isokr. or.;;Isokrates, orationes;;Isokr. or. ;Isokr. or. ;;;;;;;;;;;;;;;
Iul.;epist.;Iulianos;epistulae;Iul. epist.;Iul. epist.;;;;;;;;;;;;;;;
Iul.;in Gal.;Iulianos;in Galilaeos;Iul. in Gal.;Iul. in Gal.;;;;;;;;;;;;;;;
Iul.;mis.;Iulianos;Misopogon;Iul. mis.;Iul. mis.;;;;;;;;;;;;;;;
Iul.;or.;Iulianos;orationes;Iul. or.;Iul. or.;;;;;;;;;;;;;;;
Iul.;symp.;Iulianos;symposion;Iul. symp.;Iul. symp.;;;;;;;;;;;;;;;
Iust.;;Iustinus;epitoma historiarum Philippicarum;Iust. ;Iust. ;;;;;;;;;;;;;;;
Iuv.;;Iuvenalis;saturae;Iuv. ;Iuv. ;;;;;;;;;;;;;;;
Iuvenc.;;Iuvencus;evangelia;Iuvenc. ;Iuvenc. ;;;;;;;;;;;;;;;
Cels.;Dig.;Iuventius Celsus;Digesta;Cels. Dig.;Cels. Dig.;;;;;;;;;;;;;;;
Jo;;Johannes;;Jo ;Jo ;;;;;;;;;;;;;;;
Kall.;epigr.;Kallimachos;Epigrammata;Kall. epigr.;Kall. epigr.;;;;;;;;;;;;;;;
Kall.;frg.;Kallimachos;fragmentum;Kall. frg.;Kall. frg.;;;;;;;;;;;;;;;
Kall.;h.;Kallimachos;hymni;Kall. h.;Kall. h.;;;;;;;;;;;;;;;
Lact.;inst.;Lactantius;divinae institutiones;Lact. inst.;Lact. inst.;;;;;;;;;;;;;;;
Lact.;ira;Lactantius;de ira dei;Lact. ira;Lact. ira;;;;;;;;;;;;;;;
Lact.;mort. pers.;Lactantius;de mortibus persecutorum;Lact. mort. pers.;Lact. mort. pers.;;;;;;;;;;;;;;;
Lact.;opif.;Lactantius;de opificio dei;Lact. opif.;Lact. opif.;;;;;;;;;;;;;;;
Liv.;;Livius;ab urbe condita;Liv. ;Liv. ;;;;;;;;;;;;;;;
Lucan.;;Lucanus;bellum civile;Lucan. ;Lucan. ;;;;;;;;;;;;;;;
Lucil.;;Lucilius;saturae;Lucil. ;Lucil. ;;;;;;;;;;;;;;;
Lucr.;;Lucretius;de rerum natura;Lucr. ;Lucr. ;;;;;;;;;;;;;;;
Lk;;Lukas;;Lk ;Lk ;;;;;;;;;;;;;;;
Lukian.;;Lukianos;;Lukian. ;Lukian. ;;;;;;;;;;;;;;;
Lyd.;mag.;Lydos;de magistratibus;Lyd. mag.;Lyd. mag.;;;;;;;;;;;;;;;
Lyd.;mens.;Lydos;de mensibus;Lyd. mens.;Lyd. mens.;;;;;;;;;;;;;;;
Lykurg.;;Lykurgos;;Lykurg. ;Lykurg. ;;;;;;;;;;;;;;;
Lys.;;Lysias;;Lys. ;Lys. ;;;;;;;;;;;;;;;
Macr.;Sat.;Macrobius;Saturnalia;Macr. Sat.;Macr. Sat.;;;;;;;;;;;;;;;
Manil.;;Manilius;astronomica;Manil. ;Manil. ;;;;;;;;;;;;;;;
M. Aur.;;Marcus Aurelius Antonius Augustus;;M. Aur. ;M. Aur. ;;;;;;;;;;;;;;;
Mar. Victorin.;;Marius Victorinus;;Mar. Victorin. ;Mar. Victorin. ;;;;;;;;;;;;;;;
Mk;;Markus;;Mk ;Mk ;;;;;;;;;;;;;;;
Mart.;;Martialis;;Mart. ;Mart. ;;;;;;;;;;;;;;;
Mart. Cap.;;Martianus Capella;;Mart. Cap. ;Mart. Cap. ;;;;;;;;;;;;;;;
Mt;;Matthäus;;Mt ;Mt ;;;;;;;;;;;;;;;
Men.;Dysk.;Menandros;Dyskolos ;Men. Dysk.;Men. Dysk.;;;;;;;;;;;;;;;
Men.;Epitr.;Menandros;Epitrepontes;Men. Epitr.;Men. Epitr.;;;;;;;;;;;;;;;
Men.;Sam.;Menandros;Samia;Men. Sam.;Men. Sam.;;;;;;;;;;;;;;;
Mimn.;;Mimnermos;;Mimn. ;Mimn. ;;;;;;;;;;;;;;;
Mosch.;;Moschos;;Mosch. ;Mosch. ;;;;;;;;;;;;;;;
Naev.;;Naevius;;Naev. ;Naev. ;;;;;;;;;;;;;;;
Nik.;Alex.;Nikander;Alexipharmaka;Nik. Alex.;Nik. Alex.;;;;;;;;;;;;;;;
Nik.;Ther.;Nikander;Theriaka;Nik. Ther.;Nik. Ther.;;;;;;;;;;;;;;;
Non.;;Nonius;;Non. ;Non. ;;;;;;;;;;;;;;;
Nm;;Numeri (= 4. Mose);;Nm ;Nm ;;;;;;;;;;;;;;;
Min. Fel.;;Oct. Minucius Felix;;Min. Fel. ;Min. Fel. ;;;;;;;;;;;;;;;
Demosth. Demosthenes;orationes;or.;;Demosth. Demosthenes orationes;Demosth. Demosthenes orationes;;;;;;;;;;;;;;;
Orig.;;Origines;;Orig. ;Orig. ;;;;;;;;;;;;;;;
Oros. ;;Orosius;;Oros.  ;Oros.  ;;;;;;;;;;;;;;;
Ov.;am.;Ovidius;amores;Ov. am.;Ov. am.;;;;;;;;;;;;;;;
Ov.;ars;Ovidius;ars amatoria;Ov. ars;Ov. ars;;;;;;;;;;;;;;;
Ov.;epist.;Ovidius;epistulae (heroides);Ov. epist.;Ov. epist.;;;;;;;;;;;;;;;
Ov.;fast.;Ovidius;fasti;Ov. fast.;Ov. fast.;;;;;;;;;;;;;;;
Ov.;Ib.;Ovidius;Ibis;Ov. Ib.;Ov. Ib.;;;;;;;;;;;;;;;
Ov.;medic.;Ovidius;medicamina faciei femineae;Ov. medic.;Ov. medic.;;;;;;;;;;;;;;;
Ov.;met.;Ovidius;metamorphoses;Ov. met.;Ov. met.;;;;;;;;;;;;;;;
Ov.;Pont.;Ovidius;epistulae ex Ponto;Ov. Pont.;Ov. Pont.;;;;;;;;;;;;;;;
Ov.;rem.;Ovidius;remedia amoris;Ov. rem.;Ov. rem.;;;;;;;;;;;;;;;
Ov.;trist.;Ovidius;tristia;Ov. trist.;Ov. trist.;;;;;;;;;;;;;;;
Paus.;;Pausanias;;Paus. ;Paus. ;;;;;;;;;;;;;;;
Pers.;;Persius;saturae;Pers. ;Pers. ;;;;;;;;;;;;;;;
Petron.;;Petronius;satyrica;Petron. ;Petron. ;;;;;;;;;;;;;;;
Phaedr.;;Phaedrus;fabulae;Phaedr. ;Phaedr. ;;;;;;;;;;;;;;;
Pind.;frg.;Pindar;fragmentum;Pind. frg.;Pind. frg.;;;;;;;;;;;;;;;
Pind.;I.;Pindar;Isthmien;Pind. I.;Pind. I.;;;;;;;;;;;;;;;
Pind.;N.;Pindar;Nemeen;Pind. N.;Pind. N.;;;;;;;;;;;;;;;
Pind.;O.;Pindar;Olympien;Pind. O.;Pind. O.;;;;;;;;;;;;;;;
Pind.;P.;Pindar;Pythien;Pind. P.;Pind. P.;;;;;;;;;;;;;;;
Plat.;Alk. 1;Platon;Alkibiades 1;Plat. Alk. 1;Plat. Alk. 1;;;;;;;;;;;;;;;
Plat.;Alk. 2;Platon;Alkibiades 2;Plat. Alk. 2;Plat. Alk. 2;;;;;;;;;;;;;;;
Plat.;apol.;Platon;apologia;Plat. apol.;Plat. apol.;;;;;;;;;;;;;;;
Plat.;Ax.;Platon;Axiochos;Plat. Ax.;Plat. Ax.;;;;;;;;;;;;;;;
Plat.;Charm.;Platon;Charmides;Plat. Charm.;Plat. Charm.;;;;;;;;;;;;;;;
Plat.;def.;Platon;Definitiones (ὅροι);Plat. def.;Plat. def.;;;;;;;;;;;;;;;
Plat.;Dem.;Platon;Demodokos;Plat. Dem.;Plat. Dem.;;;;;;;;;;;;;;;
Plat.;epin.;Platon;epinomis;Plat. epin.;Plat. epin.;;;;;;;;;;;;;;;
Plat.;epist.;Platon;epistulae;Plat. epist.;Plat. epist.;;;;;;;;;;;;;;;
Plat.;eras.;Platon;erastae;Plat. eras.;Plat. eras.;;;;;;;;;;;;;;;
Plat.;Eryx.;Platon;Eryxias;Plat. Eryx.;Plat. Eryx.;;;;;;;;;;;;;;;
Plat.;Euthyd.;Platon;Euthydemos;Plat. Euthyd.;Plat. Euthyd.;;;;;;;;;;;;;;;
Plat.;Euthyphr.;Platon;Euthyphron;Plat. Euthyphr.;Plat. Euthyphr.;;;;;;;;;;;;;;;
Plat.;Gorg.;Platon;Gorgias;Plat. Gorg.;Plat. Gorg.;;;;;;;;;;;;;;;
Plat.;Hipp. mai.;Platon;Hippias maior;Plat. Hipp. mai.;Plat. Hipp. mai.;;;;;;;;;;;;;;;
Plat.;Hipp. min.;Platon;Hippias minor;Plat. Hipp. min.;Plat. Hipp. min.;;;;;;;;;;;;;;;
Plat.;Hipparch.;Platon;Hipparchos;Plat. Hipparch.;Plat. Hipparch.;;;;;;;;;;;;;;;
Plat.;Ion;Platon;Ion;Plat. Ion;Plat. Ion;;;;;;;;;;;;;;;
Plat.;Kleit.;Platon;Kleitophon;Plat. Kleit.;Plat. Kleit.;;;;;;;;;;;;;;;
Plat.;Krat.;Platon;Kratylos;Plat. Krat.;Plat. Krat.;;;;;;;;;;;;;;;
Plat.;Krit.;Platon;Kriton;Plat. Krit.;Plat. Krit.;;;;;;;;;;;;;;;
Plat.;Kritias;Platon;Kritias;Plat. Kritias;Plat. Kritias;;;;;;;;;;;;;;;
Plat.;Lach.;Platon;Laches;Plat. Lach.;Plat. Lach.;;;;;;;;;;;;;;;
Plat.;leg.;Platon;leges (νόμοι);Plat. leg.;Plat. leg.;;;;;;;;;;;;;;;
Plat.;Lys.;Platon;Lysis;Plat. Lys.;Plat. Lys.;;;;;;;;;;;;;;;
Plat.;Men.;Platon;Menon;Plat. Men.;Plat. Men.;;;;;;;;;;;;;;;
Plat.;Min.;Platon;Minos;Plat. Min.;Plat. Min.;;;;;;;;;;;;;;;
Plat.;Mx.;Platon;Menexenos;Plat. Mx.;Plat. Mx.;;;;;;;;;;;;;;;
Plat.;Parm.;Platon;Parmenides;Plat. Parm.;Plat. Parm.;;;;;;;;;;;;;;;
Plat.;Phaid.;Platon;Phaidon;Plat. Phaid.;Plat. Phaid.;;;;;;;;;;;;;;;
Plat.;Phaidr.;Platon;Phaidros;Plat. Phaidr.;Plat. Phaidr.;;;;;;;;;;;;;;;
Plat.;Phil.;Platon;Philebos;Plat. Phil.;Plat. Phil.;;;;;;;;;;;;;;;
Plat.;polit.;Platon;politicus;Plat. polit.;Plat. polit.;;;;;;;;;;;;;;;
Plat.;Prot.;Platon;Protagoras;Plat. Prot.;Plat. Prot.;;;;;;;;;;;;;;;
Plat.;rep.;Platon;de re publica (πολιτεία);Plat. rep.;Plat. rep.;;;;;;;;;;;;;;;
Plat.;Sis.;Platon;Sisyphos;Plat. Sis.;Plat. Sis.;;;;;;;;;;;;;;;
Plat.;soph.;Platon;sophista;Plat. soph.;Plat. soph.;;;;;;;;;;;;;;;
Plat.;symp.;Platon;symposium;Plat. symp.;Plat. symp.;;;;;;;;;;;;;;;
Plat.;Thg.;Platon;Theages;Plat. Thg.;Plat. Thg.;;;;;;;;;;;;;;;
Plat.;Tht.;Platon;Theaitetos;Plat. Tht.;Plat. Tht.;;;;;;;;;;;;;;;
Plat.;Tim.;Platon;Timaios;Plat. Tim.;Plat. Tim.;;;;;;;;;;;;;;;
Plaut.;Amph.;Plautus;Amphitruo;Plaut. Amph.;Plaut. Amph.;;;;;;;;;;;;;;;
Plaut.;Asin.;Plautus;Asinaria;Plaut. Asin.;Plaut. Asin.;;;;;;;;;;;;;;;
Plaut.;Aul.;Plautus;Aulularia;Plaut. Aul.;Plaut. Aul.;;;;;;;;;;;;;;;
Plaut.;Bacch.;Plautus;Bacchides;Plaut. Bacch.;Plaut. Bacch.;;;;;;;;;;;;;;;
Plaut.;Cist.;Plautus;Cistellaria;Plaut. Cist.;Plaut. Cist.;;;;;;;;;;;;;;;
Plaut.;Curc.;Plautus;Curculio;Plaut. Curc.;Plaut. Curc.;;;;;;;;;;;;;;;
Plaut.;Epid.;Plautus;Epidicus;Plaut. Epid.;Plaut. Epid.;;;;;;;;;;;;;;;
Plaut.;Men.;Plautus;Menaechmi;Plaut. Men.;Plaut. Men.;;;;;;;;;;;;;;;
Plaut.;Merc.;Plautus;Mercator;Plaut. Merc.;Plaut. Merc.;;;;;;;;;;;;;;;
Plaut.;Mil.;Plautus;Miles gloriosus;Plaut. Mil.;Plaut. Mil.;;;;;;;;;;;;;;;
Plaut.;Most.;Plautus;Mostellaria;Plaut. Most.;Plaut. Most.;;;;;;;;;;;;;;;
Plaut.;Poen.;Plautus;Poenulus;Plaut. Poen.;Plaut. Poen.;;;;;;;;;;;;;;;
Plaut.;Pseud.;Plautus;Pseudolus;Plaut. Pseud.;Plaut. Pseud.;;;;;;;;;;;;;;;
Plaut.;Rud.;Plautus;Rudens;Plaut. Rud.;Plaut. Rud.;;;;;;;;;;;;;;;
Plaut.;Stich.;Plautus;Stichus;Plaut. Stich.;Plaut. Stich.;;;;;;;;;;;;;;;
Plaut.;Trin.;Plautus;Trinummus;Plaut. Trin.;Plaut. Trin.;;;;;;;;;;;;;;;
Plaut.;Truc.;Plautus;Truculentus;Plaut. Truc.;Plaut. Truc.;;;;;;;;;;;;;;;
Plaut.;Vid.;Plautus;Vidularia;Plaut. Vid.;Plaut. Vid.;;;;;;;;;;;;;;;
Plin. ;nat.;Plinius maior;naturalis historia;Plin.  nat.;Plin.  nat.;;;;;;;;;;;;;;;
Plin.;epist.;Plinius minor;Epistulae;Plin. epist.;Plin. epist.;;;;;;;;;;;;;;;
Plin.;paneg.;Plinius minor;panegyricus;Plin. paneg.;Plin. paneg.;;;;;;;;;;;;;;;
Plot.;;Plotinos;;Plot. ;Plot. ;;;;;;;;;;;;;;;
Plut.;;Plutarchos;vitae parallelae;Plut. ;Plut. ;;;;;;;;;;;;;;;
Plut.;am.;Plutarchos;Amatorius (erotikos);Plut. am.;Plut. am.;;;;;;;;;;;;;;;
Plut.;de Pyth.Or.;Plutarchos;de Pythiae oraculis;Plut. de Pyth.Or.;Plut. de Pyth.Or.;;;;;;;;;;;;;;;
Plut.;Is.;Plutarchos;de Iside et Osiride;Plut. Is.;Plut. Is.;;;;;;;;;;;;;;;
Plut.;mor.;Plutarchos;moralia;Plut. mor.;Plut. mor.;;;;;;;;;;;;;;;
Plut.;qu.Gr.;Plutarchos;quaestiones Graecae;Plut. qu.Gr.;Plut. qu.Gr.;;;;;;;;;;;;;;;
Plut.;qu.R.;Plutarchos;quaestiones Romanae;Plut. qu.R.;Plut. qu.R.;;;;;;;;;;;;;;;
Plut.;symp.;Plutarchos;quaestiones convivales;Plut. symp.;Plut. symp.;;;;;;;;;;;;;;;
Poll.;;Pollux;;Poll. ;Poll. ;;;;;;;;;;;;;;;
Pol.;;Polybios;;Pol. ;Pol. ;;;;;;;;;;;;;;;
Mela;;Pomponius Mela;;Mela ;Mela ;;;;;;;;;;;;;;;
Porph.;;Porphyrios;;Porph. ;Porph. ;;;;;;;;;;;;;;;
Poseid.;;Poseidonios;;Poseid. ;Poseid. ;;;;;;;;;;;;;;;
Priap.;;Priapea;;Priap. ;Priap. ;;;;;;;;;;;;;;;
Prisc.;;Priscianus;;Prisc. ;Prisc. ;;;;;;;;;;;;;;;
Prokl.;;Proklos;;Prokl. ;Prokl. ;;;;;;;;;;;;;;;
Prokl.;;Proklos;;Prokl. ;Prokl. ;;;;;;;;;;;;;;;
Prok.;aed.;Prokopius;de aedificiis (περὶ κτισμάτων);Prok. aed.;Prok. aed.;;;;;;;;;;;;;;;
Prok.;BG;Prokopius;bellum Gothicum;Prok. BG;Prok. BG;;;;;;;;;;;;;;;
Prok.;BP;Prokopius;bellum Persicum;Prok. BP;Prok. BP;;;;;;;;;;;;;;;
Prok.;BV;Prokopius;bellum Vandalicum;Prok. BV;Prok. BV;;;;;;;;;;;;;;;
Prok.;HA;Prokopius;historia arcana;Prok. HA;Prok. HA;;;;;;;;;;;;;;;
Prop.;;Propertius;elegiae;Prop. ;Prop. ;;;;;;;;;;;;;;;
Prud.;;Prudentius;;Prud. ;Prud. ;;;;;;;;;;;;;;;
Quint.;decl.;Quintilianus;declamationes minores;Quint. decl.;Quint. decl.;;;;;;;;;;;;;;;
Quint.;inst.;Quintilianus;institutio oratoria;Quint. inst.;Quint. inst.;;;;;;;;;;;;;;;
Rhet. Her.;;Rhetorica ad Herennium;;Rhet. Her. ;Rhet. Her. ;;;;;;;;;;;;;;;
Röm;;Römerbrief;;Röm ;Röm ;;;;;;;;;;;;;;;
Rut. Nam.;;Rutilius Claudius Namatianus;de reditu suo;Rut. Nam. ;Rut. Nam. ;;;;;;;;;;;;;;;
Sall.;Catil.;Sallustius;de coniuratione Catilinae;Sall. Catil.;Sall. Catil.;;;;;;;;;;;;;;;
Sall.;epist.;Sallustius;epistulae ad Caesarem;Sall. epist.;Sall. epist.;;;;;;;;;;;;;;;
Sall.;hist.;Sallustius;historiae;Sall. hist.;Sall. hist.;;;;;;;;;;;;;;;
Sall.;Iug.;Sallustius;de bello Iugurthino;Sall. Iug.;Sall. Iug.;;;;;;;;;;;;;;;
Sen.;contr.;Seneca maior;controversiae;Sen. contr.;Sen. contr.;;;;;;;;;;;;;;;
Sen.;suas.;Seneca maior;suasoriae;Sen. suas.;Sen. suas.;;;;;;;;;;;;;;;
Sen.;apocol.;Seneca minor;divi Claudii apocolocynthosis;Sen. apocol.;Sen. apocol.;;;;;;;;;;;;;;;
Sen.;benef.;Seneca minor;de beneficiis;Sen. benef.;Sen. benef.;;;;;;;;;;;;;;;
Sen.;clem.;Seneca minor;de clementia;Sen. clem.;Sen. clem.;;;;;;;;;;;;;;;
Sen.;dial.;Seneca minor;dialogi;Sen. dial.;Sen. dial.;;;;;;;;;;;;;;;
Sen.;epist.;Seneca minor;epistulae morales ad Lucilium;Sen. epist.;Sen. epist.;;;;;;;;;;;;;;;
Sen.;Herc. f.;Seneca minor;Hercules furens;Sen. Herc. f.;Sen. Herc. f.;;;;;;;;;;;;;;;
Sen.;Med.;Seneca minor;Medea;Sen. Med.;Sen. Med.;;;;;;;;;;;;;;;
Sen.;nat.;Seneca minor;naturales quaestiones;Sen. nat.;Sen. nat.;;;;;;;;;;;;;;;
Sen.;Oed.;Seneca minor;Oedipus;Sen. Oed.;Sen. Oed.;;;;;;;;;;;;;;;
Sen.;Phaedr.;Seneca minor;Phaedra;Sen. Phaedr.;Sen. Phaedr.;;;;;;;;;;;;;;;
Sen.;Phoen.;Seneca minor;Phoenissae;Sen. Phoen.;Sen. Phoen.;;;;;;;;;;;;;;;
Sen.;Thy.;Seneca minor;Thyestes;Sen. Thy.;Sen. Thy.;;;;;;;;;;;;;;;
Sen.;Tro.;Seneca minor;Troades;Sen. Tro.;Sen. Tro.;;;;;;;;;;;;;;;
LXX;;Septuaginta;;LXX ;LXX ;;;;;;;;;;;;;;;
Serv.;Aen.;Servius;commentarius in Vergilii Aeneida;Serv. Aen.;Serv. Aen.;;;;;;;;;;;;;;;
Serv.;ecl.;Servius;commentarius in Vergilii eclogas;Serv. ecl.;Serv. ecl.;;;;;;;;;;;;;;;
Serv.;georg.;Servius;commentarius in Vergilii georgica;Serv. georg.;Serv. georg.;;;;;;;;;;;;;;;
Serv. auct.;;Servius auctus Danielis;;Serv. auct. ;Serv. auct. ;;;;;;;;;;;;;;;
S. Emp.;;Sextus Empiricus;;S. Emp. ;S. Emp. ;;;;;;;;;;;;;;;
Sil.;;Silius Italicus;Punica;Sil. ;Sil. ;;;;;;;;;;;;;;;
Sim.;;Simonides;;Sim. ;Sim. ;;;;;;;;;;;;;;;
Simpl.;;Simplikios;;Simpl. ;Simpl. ;;;;;;;;;;;;;;;
Sol.;;Solon;;Sol. ;Sol. ;;;;;;;;;;;;;;;
Soph.;Ai.;Sophokles;Aias;Soph. Ai.;Soph. Ai.;;;;;;;;;;;;;;;
Soph.;Ant.;Sophokles;Antigone;Soph. Ant.;Soph. Ant.;;;;;;;;;;;;;;;
Soph.;El.;Sophokles;Electra;Soph. El.;Soph. El.;;;;;;;;;;;;;;;
Soph.;Oid. K.;Sophokles;Oedipus Coloneus;Soph. Oid. K.;Soph. Oid. K.;;;;;;;;;;;;;;;
Soph.;Oid. T.;Sophokles;Oedipus Rex (Oedipus Tyrannus);Soph. Oid. T.;Soph. Oid. T.;;;;;;;;;;;;;;;
Soph.;Phil.;Sophokles;Philoctetes;Soph. Phil.;Soph. Phil.;;;;;;;;;;;;;;;
Stat.;Ach.;Statius;Achilleis;Stat. Ach.;Stat. Ach.;;;;;;;;;;;;;;;
Stat.;silv.;Statius;silvae;Stat. silv.;Stat. silv.;;;;;;;;;;;;;;;
Stat.;Theb.;Statius;Thebais;Stat. Theb.;Stat. Theb.;;;;;;;;;;;;;;;
Stesich.;;Stesichoros;;Stesich. ;Stesich. ;;;;;;;;;;;;;;;
Stob.;;Stobaios;;Stob. ;Stob. ;;;;;;;;;;;;;;;
Strab.;;Strabon;;Strab. ;Strab. ;;;;;;;;;;;;;;;
Suet.;Aug.;Suetonius;divus Augustus;Suet. Aug.;Suet. Aug.;;;;;;;;;;;;;;;
Suet.;Cal.;Suetonius;Caligula;Suet. Cal.;Suet. Cal.;;;;;;;;;;;;;;;
Suet.;Claud.;Suetonius;divus Claudius;Suet. Claud.;Suet. Claud.;;;;;;;;;;;;;;;
Suet.;Dom.;Suetonius;Domitianus;Suet. Dom.;Suet. Dom.;;;;;;;;;;;;;;;
Suet.;gramm.;Suetonius;de grammaticis;Suet. gramm.;Suet. gramm.;;;;;;;;;;;;;;;
Suet.;Iul.;Suetonius;divus Iulius;Suet. Iul.;Suet. Iul.;;;;;;;;;;;;;;;
Suet.;Tib.;Suetonius;divus Tiberius;Suet. Tib.;Suet. Tib.;;;;;;;;;;;;;;;
Suet.;Tit.;Suetonius;divus Titus;Suet. Tit.;Suet. Tit.;;;;;;;;;;;;;;;
Suet.;Vesp.;Suetonius;divus Vespasianus;Suet. Vesp.;Suet. Vesp.;;;;;;;;;;;;;;;
Suet.;Vit.;Suetonius;Vitellius;Suet. Vit.;Suet. Vit.;;;;;;;;;;;;;;;
Symm.;epist.;Symmachus;epistulae;Symm. epist.;Symm. epist.;;;;;;;;;;;;;;;
Symm.;or.;Symmachus;orationes;Symm. or.;Symm. or.;;;;;;;;;;;;;;;
Symm.;rel.;Symmachus;relationes;Symm. rel.;Symm. rel.;;;;;;;;;;;;;;;
Tac.;Agr.;Tacitus;Agricola;Tac. Agr.;Tac. Agr.;;;;;;;;;;;;;;;
Tac.;ann.;Tacitus;annales;Tac. ann.;Tac. ann.;;;;;;;;;;;;;;;
Tac.;dial.;Tacitus;dialogus de oratoribus;Tac. dial.;Tac. dial.;;;;;;;;;;;;;;;
Tac.;Germ.;Tacitus;Germania;Tac. Germ.;Tac. Germ.;;;;;;;;;;;;;;;
Tac.;hist.;Tacitus;historiae;Tac. hist.;Tac. hist.;;;;;;;;;;;;;;;
Ter. Maur.;;Terentianus Maurus;;Ter. Maur. ;Ter. Maur. ;;;;;;;;;;;;;;;
Ter.;Ad.;Terentius;Adelphoe;Ter. Ad.;Ter. Ad.;;;;;;;;;;;;;;;
Ter.;Andr.;Terentius;Andria;Ter. Andr.;Ter. Andr.;;;;;;;;;;;;;;;
Ter.;Eun.;Terentius;Eunuchus;Ter. Eun.;Ter. Eun.;;;;;;;;;;;;;;;
Ter.;Haut.;Terentius;Heautontimorumenos;Ter. Haut.;Ter. Haut.;;;;;;;;;;;;;;;
Ter.;Hec.;Terentius;Hecyra;Ter. Hec.;Ter. Hec.;;;;;;;;;;;;;;;
Ter.;Phorm.;Terentius;Phormio;Ter. Phorm.;Ter. Phorm.;;;;;;;;;;;;;;;
Tert.;apol.;Tertullianus;apologeticum;Tert. apol.;Tert. apol.;;;;;;;;;;;;;;;
Tert.;nat.;Tertullianus;ad nationes;Tert. nat.;Tert. nat.;;;;;;;;;;;;;;;
Thgn.;;Theognis;;Thgn. ;Thgn. ;;;;;;;;;;;;;;;
Theokr.;;Theokritos;;Theokr. ;Theokr. ;;;;;;;;;;;;;;;
Thuk.;;Thukydides;;Thuk. ;Thuk. ;;;;;;;;;;;;;;;
Tib.;;Tibullus;elegiae;Tib. ;Tib. ;;;Catullus. Tibullus. Pervigilium Veneris;latin;1913;6;;F. W. Cornish and J. P. Postgate and J. W. Mackail;;;;;;;
Ulp. ;(reg.);Ulpianus;(Ulpiani regulae);Ulp.  (reg.);Ulp.  (reg.);;;;;;;;;;;;;;;
Val. Fl.;;Valerius Flaccus;Argonautica;Val. Fl. ;Val. Fl. ;;;;;;;;;;;;;;;
Val. Max.;;Valerius Maximus;facta et dicta memorabilia;Val. Max. ;Val. Max. ;;;;;;;;;;;;;;;
Varro;ling.;Varro;de lingua Latina;Varro ling.;Varro ling.;;;;;;;;;;;;;;;
Varro;Men.;Varro;saturae Menippeae;Varro Men.;Varro Men.;;;;;;;;;;;;;;;
Varro;rust.;Varro;res rusticae;Varro rust.;Varro rust.;;;;;;;;;;;;;;;
Vell.;historiae Romanae;Velleius Paterculus;;Vell. historiae Romanae;Vell. historiae Romanae;;;;;;;;;;;;;;;
Ven. Fort.;;Venantius Fortunatus;;Ven. Fort. ;Ven. Fort. ;;;;;;;;;;;;;;;
Verg.;Aen.;Vergilius;Aeneis;Verg. Aen.;Verg. Aen.;;;;;;;;;;;;;;;
Verg.;catal.;Vergilius;catalepton;Verg. catal.;Verg. catal.;;;;;;;;;;;;;;;
Verg.;ecl.;Vergilius;eclogae;Verg. ecl.;Verg. ecl.;;;;;;;;;;;;;;;
Verg.;georg.;Vergilius;georgica;Verg. georg.;Verg. georg.;;;;;;;;;;;;;;;
Vitr.;;Vitruvius;de architectura;Vitr. ;Vitr. ;;;;;;;;;;;;;;;
Xenophan.;;Xenophanes;;Xenophan. ;Xenophan. ;;;;;;;;;;;;;;;
Xen.;an.;Xenophon;anabasis;Xen. an.;Xen. an.;;;;;;;;;;;;;;;
Xen.;apol.;Xenophon;apologia;Xen. apol.;Xen. apol.;;;;;;;;;;;;;;;
Xen.;Ath. pol.;Xenophon;Athenaion politeia;Xen. Ath. pol.;Xen. Ath. pol.;;;;;;;;;;;;;;;
Xen.;hell.;Xenophon;hellenica;Xen. hell.;Xen. hell.;;;;;;;;;;;;;;;
Xen.;Kyr.;Xenophon;Cyrupaideia;Xen. Kyr.;Xen. Kyr.;;;;;;;;;;;;;;;
Xen.;kyn.;Xenophon;cynegeticus;Xen. kyn.;Xen. kyn.;;;;;;;;;;;;;;;
Xen.;mem.;Xenophon;memorabilia (Apomnemoneumata);Xen. mem.;Xen. mem.;;;;;;;;;;;;;;;
Xen.;oec.;Xenophon;oeconomicus;Xen. oec.;Xen. oec.;;;;;;;;;;;;;;;
Xen.;symp.;Xenophon;symposium;Xen. symp.;Xen. symp.;;;;;;;;;;;;;;;
Zenob.;;Zenobios;;Zenob. ;Zenob. ;;;;;;;;;;;;;;;
Zenod.;;Zenodotos;;Zenod. ;Zenod. ;;;;;;;;;;;;;;;
Zen.;;Zenon;;Zen. ;Zen. ;;;;;;;;;;;;;;;
Zos.;;Zosimos;;Zos. ;Zos. ;;;;;;;;;;;;;;;
;Cod. Iust.;;Corpus Iuris Civilis, Codex Iustinianus; Cod. Iust.; Cod. Iust.;;;;;;;;;;;;;;;
;Dig.;;Corpus Iuris Civilis, Digesta (Pandekten) ; Dig.; Dig.;;;;;;;;;;;;;;;
;Herc. O.;;Hercules Oetaeus; Herc. O.; Herc. O.;;;;;;;;;;;;;;;
;Inst. Iust.;;Corpus Iuris Civilis, Institutiones; Inst. Iust.; Inst. Iust.;;;;;;;;;;;;;;;
;Itin. Anton.;;Itinerarium Antonini; Itin. Anton.; Itin. Anton.;;;;;;;;;;;;;;;
;Nov.;;Corpus Iuris Civilis, Leges Novellae; Nov.; Nov.;;;;;;;;;;;;;;;
;Pass. mart.;;Passiones martyrum; Pass. mart.; Pass. mart.;;;;;;;;;;;;;;;
;R. Gest. div. Aug.;;Res gestae divi Augusti; R. Gest. div. Aug.; R. Gest. div. Aug.;;;;;;;;;;;;;;;
;Suda;;Suda (=Suidas); Suda; Suda;;;;;;;;;;;;;;;
;Vulg.;;Vulgata; Vulg.; Vulg.;;;;;;;;;;;;;;;
